USE [Demo]
GO
INSERT [dbo].[t_sys_organization] ([ID], [ParentID], [Name], [Memo]) VALUES (N'00', N'0', N'上海黑豹科技股份有公司', N'纯属虚构')
GO
INSERT [dbo].[t_sys_organization] ([ID], [ParentID], [Name], [Memo]) VALUES (N'001', N'00', N'上海兴俱科技有限公司', N'纯属虚构')
GO
INSERT [dbo].[t_sys_organization] ([ID], [ParentID], [Name], [Memo]) VALUES (N'001001', N'001', N'总经办', N'纯属虚构')
GO
INSERT [dbo].[t_sys_organization] ([ID], [ParentID], [Name], [Memo]) VALUES (N'001002', N'001', N'物流部', N'纯属虚构')
GO
INSERT [dbo].[t_sys_organization] ([ID], [ParentID], [Name], [Memo]) VALUES (N'001003', N'001', N'综合办', N'纯属虚构')
GO
INSERT [dbo].[t_sys_organization] ([ID], [ParentID], [Name], [Memo]) VALUES (N'001004', N'001', N'市场部', N'纯属虚构')
GO
INSERT [dbo].[t_sys_organization] ([ID], [ParentID], [Name], [Memo]) VALUES (N'001005', N'001', N'信息安全事部', N'纯属虚构')
GO
INSERT [dbo].[t_sys_rmm] ([ID], [RID], [MID]) VALUES (N'0BA89F7B-6F1F-4835-995E-1FD52512D5B1', N'8F72CF38-F881-476A-8405-0A758F8603D5', N'001001001')
GO
INSERT [dbo].[t_sys_rmm] ([ID], [RID], [MID]) VALUES (N'16E00577-6B57-43AC-A69F-106B1684EF89', N'd9ee42e8-2233-4321-a73f-7c9b8d193eab', N'002001001')
GO
INSERT [dbo].[t_sys_rmm] ([ID], [RID], [MID]) VALUES (N'30B02006-D893-497B-8F2A-E2F7CE56C066', N'8F72CF38-F881-476A-8405-0A758F8603D5', N'001001002')
GO
INSERT [dbo].[t_sys_rmm] ([ID], [RID], [MID]) VALUES (N'3513320A-0C5B-4C53-85D2-81DA11F5AC28', N'b5f9005b-1633-41cb-893e-63132f0cda4a', N'002001001')
GO
INSERT [dbo].[t_sys_rmm] ([ID], [RID], [MID]) VALUES (N'523A5431-1C22-4B82-9C0B-A7EE039FA59B', N'09430824-bda1-43de-8310-91aab3c532e2', N'002001001')
GO
INSERT [dbo].[t_sys_rmm] ([ID], [RID], [MID]) VALUES (N'53768E06-A098-42B3-B737-F97D982BCEC0', N'7f47f184-2fda-428a-8d00-446f809d136d', N'002001001')
GO
INSERT [dbo].[t_sys_rmm] ([ID], [RID], [MID]) VALUES (N'548E05F3-83CA-479F-941D-C75AD6FC674A', N'8F72CF38-F881-476A-8405-0A758F8603D5', N'001002001')
GO
INSERT [dbo].[t_sys_rmm] ([ID], [RID], [MID]) VALUES (N'5F9FD855-EA70-4126-A718-F69F935D3C3E', N'e26803fa-2f46-43fa-9d78-5374e7aff46b', N'002001001')
GO
INSERT [dbo].[t_sys_rmm] ([ID], [RID], [MID]) VALUES (N'6AECDF62-F6B2-48DC-A550-564CC4A512F7', N'2deed9f0-6c8a-40ba-8250-a2ea4b47a518', N'002001001')
GO
INSERT [dbo].[t_sys_rmm] ([ID], [RID], [MID]) VALUES (N'7AC48EA0-75D6-4D8D-8671-C8039B56F177', N'3bdd332c-b333-4194-b84c-728434606b58', N'002001001')
GO
INSERT [dbo].[t_sys_rmm] ([ID], [RID], [MID]) VALUES (N'7FE0079C-7401-46AE-BC1B-E73D7E9E3E4E', N'bc351eb2-fa02-43d2-b495-c914f5b70270', N'002001001')
GO
INSERT [dbo].[t_sys_rmm] ([ID], [RID], [MID]) VALUES (N'866F5631-F6D5-4F7E-9E87-0DBBC5FF5E10', N'392d3783-9bf3-43de-829c-89bf2fe02633', N'002001001')
GO
INSERT [dbo].[t_sys_rmm] ([ID], [RID], [MID]) VALUES (N'8902D5EE-56A8-4F06-94B6-F0B4B0534A9E', N'ab05ba9f-82cb-47e1-9633-44f65b12a037', N'002001001')
GO
INSERT [dbo].[t_sys_rmm] ([ID], [RID], [MID]) VALUES (N'91587420-8810-4FD1-8AF2-52BDF897673B', N'8F72CF38-F881-476A-8405-0A758F8603D5', N'001003001')
GO
INSERT [dbo].[t_sys_rmm] ([ID], [RID], [MID]) VALUES (N'924CFC9B-6096-408A-B0AC-3C38249897CE', N'1adc66c4-2912-4d01-bc07-c629cbf5ca4e', N'002001001')
GO
INSERT [dbo].[t_sys_rmm] ([ID], [RID], [MID]) VALUES (N'9B690236-060E-47EB-9801-1C5B95DE9694', N'4e58132f-cc0a-4011-bf11-37258182b763', N'002001001')
GO
INSERT [dbo].[t_sys_rmm] ([ID], [RID], [MID]) VALUES (N'A2A5081D-15C5-4192-B971-71969DEF1487', N'f9e1e931-3b5c-414a-8598-d559c4c33697', N'002001001')
GO
INSERT [dbo].[t_sys_rmm] ([ID], [RID], [MID]) VALUES (N'B13959E2-08B1-4F92-8F8B-8B5DB74D8612', N'0b00a3cd-8d42-47c2-88b6-38411996aeb3', N'002001001')
GO
INSERT [dbo].[t_sys_rmm] ([ID], [RID], [MID]) VALUES (N'BA654AC1-0673-406A-9D4B-7A562E430D12', N'8F72CF38-F881-476A-8405-0A758F8603D5', N'001003002')
GO
INSERT [dbo].[t_sys_rmm] ([ID], [RID], [MID]) VALUES (N'BEBAD35D-068F-473F-A1B6-811328A52308', N'80fd3ce0-d4a6-4ff3-962b-a82d6daf467b', N'002001001')
GO
INSERT [dbo].[t_sys_rmm] ([ID], [RID], [MID]) VALUES (N'C2149F97-5DC7-40EA-8901-54166BC52570', N'9f7a08bf-ff6c-4db2-8892-7471e287b327', N'002001001')
GO
INSERT [dbo].[t_sys_rmm] ([ID], [RID], [MID]) VALUES (N'DAB295DC-40FA-42D9-9045-530A83039090', N'412979f8-4c3c-41e2-866f-f45679add826', N'002001001')
GO
INSERT [dbo].[t_sys_rmm] ([ID], [RID], [MID]) VALUES (N'DB5B8A0A-40E1-46E1-B443-5C5DFD0463AE', N'4fcb4d1d-3bd0-4178-b82e-9f1c8905fa7d', N'002001001')
GO
INSERT [dbo].[t_sys_role] ([ID], [Name], [Memo], [Type], [CreateTime]) VALUES (N'0b00a3cd-8d42-47c2-88b6-38411996aeb3', N'副总经理', N'', 0, CAST(N'2020-05-10T13:54:37.857' AS DateTime))
GO
INSERT [dbo].[t_sys_role] ([ID], [Name], [Memo], [Type], [CreateTime]) VALUES (N'392d3783-9bf3-43de-829c-89bf2fe02633', N'经理', N'', 0, CAST(N'2020-05-10T22:48:41.087' AS DateTime))
GO
INSERT [dbo].[t_sys_role] ([ID], [Name], [Memo], [Type], [CreateTime]) VALUES (N'3bdd332c-b333-4194-b84c-728434606b58', N'主管', N'', 0, CAST(N'2020-05-10T22:50:35.637' AS DateTime))
GO
INSERT [dbo].[t_sys_role] ([ID], [Name], [Memo], [Type], [CreateTime]) VALUES (N'7f47f184-2fda-428a-8d00-446f809d136d', N'总经理', N'', 0, CAST(N'2020-05-10T13:54:15.820' AS DateTime))
GO
INSERT [dbo].[t_sys_role] ([ID], [Name], [Memo], [Type], [CreateTime]) VALUES (N'80fd3ce0-d4a6-4ff3-962b-a82d6daf467b', N'人事专员兼行政专员', N'', 0, CAST(N'2020-05-10T22:48:09.960' AS DateTime))
GO
INSERT [dbo].[t_sys_role] ([ID], [Name], [Memo], [Type], [CreateTime]) VALUES (N'8F72CF38-F881-476A-8405-0A758F8603D5', N'系统管理员', N'系统角色，请勿操作', 1, NULL)
GO
INSERT [dbo].[t_sys_role] ([ID], [Name], [Memo], [Type], [CreateTime]) VALUES (N'9f7a08bf-ff6c-4db2-8892-7471e287b327', N'设备工程师', N'', 0, CAST(N'2020-05-10T22:49:29.287' AS DateTime))
GO
INSERT [dbo].[t_sys_role] ([ID], [Name], [Memo], [Type], [CreateTime]) VALUES (N'bc351eb2-fa02-43d2-b495-c914f5b70270', N'信息安全工程师', N'', 0, CAST(N'2020-05-10T22:53:41.350' AS DateTime))
GO
INSERT [dbo].[t_sys_role] ([ID], [Name], [Memo], [Type], [CreateTime]) VALUES (N'd9ee42e8-2233-4321-a73f-7c9b8d193eab', N'研发工程师', N'', 0, CAST(N'2020-05-10T22:49:01.373' AS DateTime))
GO
INSERT [dbo].[t_sys_umr] ([ID], [RID], [UID]) VALUES (N'1E55BB9F-1FFB-4647-A9D2-EE41552D958D', N'9f7a08bf-ff6c-4db2-8892-7471e287b327', N'C9F768AD-65A4-4657-9085-4ADB5C32C04C')
GO
INSERT [dbo].[t_sys_umr] ([ID], [RID], [UID]) VALUES (N'27A3E362-FC01-4D49-B26E-4E65AF669259', N'd9ee42e8-2233-4321-a73f-7c9b8d193eab', N'4F41BDD7-31DF-4859-A245-F65E4697AE63')
GO
INSERT [dbo].[t_sys_umr] ([ID], [RID], [UID]) VALUES (N'2C7BC42A-5ABC-440E-BCA4-5562BCA5F6F3', N'0b00a3cd-8d42-47c2-88b6-38411996aeb3', N'2A5EEE6D-534D-4D13-BDF4-E47E0B646D1A')
GO
INSERT [dbo].[t_sys_umr] ([ID], [RID], [UID]) VALUES (N'3B69BAB6-59FF-4B21-8BF4-0F0690409C4B', N'8F72CF38-F881-476A-8405-0A758F8603D5', N'ED1DC5D2-3179-4644-93D3-234E3C081817')
GO
INSERT [dbo].[t_sys_umr] ([ID], [RID], [UID]) VALUES (N'3DD3F039-BBC8-4E70-800D-8ACF76724A97', N'd9ee42e8-2233-4321-a73f-7c9b8d193eab', N'53B7A0CD-9273-416A-BA8E-29373B41CEFD')
GO
INSERT [dbo].[t_sys_umr] ([ID], [RID], [UID]) VALUES (N'4968ED8A-F5AC-47F3-82A3-D104E0E2243A', N'd9ee42e8-2233-4321-a73f-7c9b8d193eab', N'3DAB45D9-54D0-43E7-A7D2-CB61D582AA84')
GO
INSERT [dbo].[t_sys_umr] ([ID], [RID], [UID]) VALUES (N'5280622F-B44B-4319-A5EE-C0889C62BA3F', N'd9ee42e8-2233-4321-a73f-7c9b8d193eab', N'3D041013-4844-4412-BC8B-DD73FD59E173')
GO
INSERT [dbo].[t_sys_umr] ([ID], [RID], [UID]) VALUES (N'5BBBEC3B-F588-4BD4-A44B-E38F8ABE1F89', N'9f7a08bf-ff6c-4db2-8892-7471e287b327', N'EB531673-B6C7-41F6-9117-AEE581236713')
GO
INSERT [dbo].[t_sys_umr] ([ID], [RID], [UID]) VALUES (N'651C3B38-F43A-4859-811D-1B2F3DBB0B7A', N'9f7a08bf-ff6c-4db2-8892-7471e287b327', N'3DDE6087-54D4-4720-84A7-E5EC3DA3FBA4')
GO
INSERT [dbo].[t_sys_umr] ([ID], [RID], [UID]) VALUES (N'66EA5853-E827-4918-BEA2-0A42C9EA411C', N'7f47f184-2fda-428a-8d00-446f809d136d', N'3485E317-3787-4859-B4B5-195F2B21C4C0')
GO
INSERT [dbo].[t_sys_umr] ([ID], [RID], [UID]) VALUES (N'6D4F4648-9634-4BF0-858D-D85168543ED0', N'3bdd332c-b333-4194-b84c-728434606b58', N'915180F8-C3D6-4962-B185-9E0DA16CE8B9')
GO
INSERT [dbo].[t_sys_umr] ([ID], [RID], [UID]) VALUES (N'7AD53A7A-F2F4-4EBF-B607-E3E940C1DCA7', N'd9ee42e8-2233-4321-a73f-7c9b8d193eab', N'161418AF-13BB-456B-BF50-A44B991AB2B8')
GO
INSERT [dbo].[t_sys_umr] ([ID], [RID], [UID]) VALUES (N'86256528-3883-4F21-9351-F82F80D3BB00', N'3bdd332c-b333-4194-b84c-728434606b58', N'EEF692BC-47E7-49DB-822D-317789AB1BE6')
GO
INSERT [dbo].[t_sys_umr] ([ID], [RID], [UID]) VALUES (N'95D18672-2B44-4309-9D02-4522C73D1C1C', N'bc351eb2-fa02-43d2-b495-c914f5b70270', N'1C71A1B0-B5AB-46E0-9640-D5A1CEC572CD')
GO
INSERT [dbo].[t_sys_umr] ([ID], [RID], [UID]) VALUES (N'AB139295-5760-429E-BA9E-24C6FA560BE7', N'9f7a08bf-ff6c-4db2-8892-7471e287b327', N'98D56B85-DDC1-4351-A908-98168AE70B63')
GO
INSERT [dbo].[t_sys_umr] ([ID], [RID], [UID]) VALUES (N'B29E1C97-845C-4D83-822D-D14B5B5742AF', N'd9ee42e8-2233-4321-a73f-7c9b8d193eab', N'4752C0C9-C60D-4DD1-AD8B-71A35A49FB66')
GO
INSERT [dbo].[t_sys_umr] ([ID], [RID], [UID]) VALUES (N'B3F5D3EC-AF81-4326-BAD5-CF79D62632B1', N'9f7a08bf-ff6c-4db2-8892-7471e287b327', N'825C7B19-F3EE-46EE-8EEB-B1889CDD70A5')
GO
INSERT [dbo].[t_sys_umr] ([ID], [RID], [UID]) VALUES (N'C633D170-BBC8-4597-8DE3-19906C606641', N'80fd3ce0-d4a6-4ff3-962b-a82d6daf467b', N'594887FB-40ED-45AD-BDA9-B25A71D467C7')
GO
INSERT [dbo].[t_sys_umr] ([ID], [RID], [UID]) VALUES (N'D2070EDF-F1E4-4337-9AAB-7B09BCCD90F2', N'392d3783-9bf3-43de-829c-89bf2fe02633', N'AD4B6B1B-3328-4FB2-A7E5-30F547C850DA')
GO
INSERT [dbo].[t_sys_umr] ([ID], [RID], [UID]) VALUES (N'DBED962C-63DC-44EF-B1C3-6D0A61C35320', N'd9ee42e8-2233-4321-a73f-7c9b8d193eab', N'CAE71764-1A85-44BA-B2A8-1A54EB851363')
GO
INSERT [dbo].[t_sys_umr] ([ID], [RID], [UID]) VALUES (N'E5BFBD7E-67D7-4B7A-98D5-F2A09E2EDA4E', N'd9ee42e8-2233-4321-a73f-7c9b8d193eab', N'7B523BDD-7444-451C-9A85-E877ED929F36')
GO
INSERT [dbo].[t_sys_user] ([ID], [UID], [Password], [No], [Name], [OrganizationCode], [Type], [Status], [Error], [CreateTime], [LatestTime], [Force], [Memo]) VALUES (N'2A5EEE6D-534D-4D13-BDF4-E47E0B646D1A', N'huarong', N'21218CCA77804D2BA1922C33E015115', N'', N'花荣', N'001001', 0, 0, 0, CAST(N'2020-05-10T20:24:07.393' AS DateTime), CAST(N'2020-05-30T10:00:30.430' AS DateTime), 0, N'')
GO
INSERT [dbo].[t_sys_user] ([ID], [UID], [Password], [No], [Name], [OrganizationCode], [Type], [Status], [Error], [CreateTime], [LatestTime], [Force], [Memo]) VALUES (N'3485E317-3787-4859-B4B5-195F2B21C4C0', N'linchong', N'21218CCA77804D2BA1922C33E015115', N'', N'林冲', N'001001', 0, 0, 0, CAST(N'2020-05-10T20:24:07.393' AS DateTime), CAST(N'2020-05-29T21:18:00.560' AS DateTime), 1, N'')
GO
INSERT [dbo].[t_sys_user] ([ID], [UID], [Password], [No], [Name], [OrganizationCode], [Type], [Status], [Error], [CreateTime], [LatestTime], [Force], [Memo]) VALUES (N'3D041013-4844-4412-BC8B-DD73FD59E173', N'shiyong', N'21218CCA77804D2BA1922C33E015115', N'', N'石勇', N'001005', 0, 0, 0, CAST(N'2020-05-10T20:24:07.393' AS DateTime), CAST(N'2020-05-27T20:43:05.477' AS DateTime), 1, N'')
GO
INSERT [dbo].[t_sys_user] ([ID], [UID], [Password], [No], [Name], [OrganizationCode], [Type], [Status], [Error], [CreateTime], [LatestTime], [Force], [Memo]) VALUES (N'3DDE6087-54D4-4720-84A7-E5EC3DA3FBA4', N'tongming', N'21218CCA77804D2BA1922C33E015115', N'', N'童明', N'001005', 0, 0, 0, CAST(N'2020-05-10T20:24:07.393' AS DateTime), CAST(N'2020-05-28T16:08:59.217' AS DateTime), 1, N'')
GO
INSERT [dbo].[t_sys_user] ([ID], [UID], [Password], [No], [Name], [OrganizationCode], [Type], [Status], [Error], [CreateTime], [LatestTime], [Force], [Memo]) VALUES (N'4752C0C9-C60D-4DD1-AD8B-71A35A49FB66', N'chaijin', N'21218CCA77804D2BA1922C33E015115', N'', N'柴进', N'001005', 0, 0, 0, CAST(N'2020-05-10T20:24:07.393' AS DateTime), CAST(N'2020-05-27T20:49:32.860' AS DateTime), 0, N'')
GO
INSERT [dbo].[t_sys_user] ([ID], [UID], [Password], [No], [Name], [OrganizationCode], [Type], [Status], [Error], [CreateTime], [LatestTime], [Force], [Memo]) VALUES (N'4F41BDD7-31DF-4859-A245-F65E4697AE63', N'yangzhi', N'21218CCA77804D2BA1922C33E015115', N'', N'杨志', N'001005', 0, 0, 0, CAST(N'2020-05-10T20:24:07.393' AS DateTime), CAST(N'2020-05-28T17:24:43.757' AS DateTime), 0, N'')
GO
INSERT [dbo].[t_sys_user] ([ID], [UID], [Password], [No], [Name], [OrganizationCode], [Type], [Status], [Error], [CreateTime], [LatestTime], [Force], [Memo]) VALUES (N'594887FB-40ED-45AD-BDA9-B25A71D467C7', N'chengderen', N'21218CCA77804D2BA1922C33E015115', N'', N'程德忍', N'001001', 0, 0, 0, CAST(N'2020-05-10T20:24:07.393' AS DateTime), CAST(N'2020-05-29T21:21:16.253' AS DateTime), 1, N'')
GO
INSERT [dbo].[t_sys_user] ([ID], [UID], [Password], [No], [Name], [OrganizationCode], [Type], [Status], [Error], [CreateTime], [LatestTime], [Force], [Memo]) VALUES (N'7B523BDD-7444-451C-9A85-E877ED929F36', N'wusong', N'21218CCA77804D2BA1922C33E015115', N'', N'武松', N'001005', 0, 0, 0, CAST(N'2020-05-10T20:24:07.393' AS DateTime), CAST(N'2020-05-27T20:49:46.907' AS DateTime), 1, N'')
GO
INSERT [dbo].[t_sys_user] ([ID], [UID], [Password], [No], [Name], [OrganizationCode], [Type], [Status], [Error], [CreateTime], [LatestTime], [Force], [Memo]) VALUES (N'98D56B85-DDC1-4351-A908-98168AE70B63', N'shiqian', N'21218CCA77804D2BA1922C33E015115', N'', N'时迁', N'001005', 0, 0, 0, CAST(N'2020-05-10T20:24:07.393' AS DateTime), CAST(N'2020-05-26T23:49:26.407' AS DateTime), 1, N'')
GO
INSERT [dbo].[t_sys_user] ([ID], [UID], [Password], [No], [Name], [OrganizationCode], [Type], [Status], [Error], [CreateTime], [LatestTime], [Force], [Memo]) VALUES (N'AD4B6B1B-3328-4FB2-A7E5-30F547C850DA', N'songjiang', N'21218CCA77804D2BA1922C33E015115', N'', N'宋江', N'001005', 0, 0, 0, CAST(N'2020-05-10T20:24:07.393' AS DateTime), CAST(N'2020-05-28T17:39:49.827' AS DateTime), 0, N'')
GO
INSERT [dbo].[t_sys_user] ([ID], [UID], [Password], [No], [Name], [OrganizationCode], [Type], [Status], [Error], [CreateTime], [LatestTime], [Force], [Memo]) VALUES (N'C9F768AD-65A4-4657-9085-4ADB5C32C04C', N'chaogai', N'21218CCA77804D2BA1922C33E015115', N'', N'晁盖', N'001005', 0, 0, 0, CAST(N'2020-05-10T20:24:07.393' AS DateTime), CAST(N'2020-05-27T16:08:50.157' AS DateTime), 0, N'')
GO
INSERT [dbo].[t_sys_user] ([ID], [UID], [Password], [No], [Name], [OrganizationCode], [Type], [Status], [Error], [CreateTime], [LatestTime], [Force], [Memo]) VALUES (N'EB531673-B6C7-41F6-9117-AEE581236713', N'jiangyuhua', N'21218CCA77804D2BA1922C33E015115', N'', N'姜玉华', N'001005', 0, 0, 0, CAST(N'2020-05-10T20:24:07.393' AS DateTime), CAST(N'2020-05-30T12:35:57.793' AS DateTime), 1, N'')
GO
INSERT [dbo].[t_sys_user] ([ID], [UID], [Password], [No], [Name], [OrganizationCode], [Type], [Status], [Error], [CreateTime], [LatestTime], [Force], [Memo]) VALUES (N'ED1DC5D2-3179-4644-93D3-234E3C081817', N'admin', N'21218CCA77804D2BA1922C33E015115', N'', N'管理员', NULL, 1, 0, 0, CAST(N'2020-05-04T17:34:57.407' AS DateTime), CAST(N'2020-05-30T13:40:48.447' AS DateTime), 0, N'')
GO
